-- phpMyAdmin SQL Dump
-- version 4.8.5
-- https://www.phpmyadmin.net/
--
-- 主機： 127.0.0.1
-- 產生時間： 2019-07-05 05:37:51
-- 伺服器版本： 10.1.38-MariaDB
-- PHP 版本： 5.6.40

SET SQL_MODE = "NO_AUTO_VALUE_ON_ZERO";
SET AUTOCOMMIT = 0;
START TRANSACTION;
SET time_zone = "+00:00";


/*!40101 SET @OLD_CHARACTER_SET_CLIENT=@@CHARACTER_SET_CLIENT */;
/*!40101 SET @OLD_CHARACTER_SET_RESULTS=@@CHARACTER_SET_RESULTS */;
/*!40101 SET @OLD_COLLATION_CONNECTION=@@COLLATION_CONNECTION */;
/*!40101 SET NAMES utf8mb4 */;

--
-- 資料庫： `dress_store`
--

-- --------------------------------------------------------

--
-- 資料表結構 `account`
--

CREATE TABLE `account` (
  `Account` varchar(20) COLLATE utf8_unicode_ci NOT NULL COMMENT '帳號',
  `Password` varchar(20) COLLATE utf8_unicode_ci NOT NULL COMMENT '密碼',
  `Name` varchar(20) COLLATE utf8_unicode_ci NOT NULL COMMENT '姓名',
  `NickName` varchar(20) COLLATE utf8_unicode_ci DEFAULT NULL COMMENT '暱稱',
  `Birthday` date DEFAULT NULL COMMENT '生日',
  `Sex` enum('F','M') COLLATE utf8_unicode_ci DEFAULT NULL COMMENT '性別',
  `ID` varchar(50) COLLATE utf8_unicode_ci NOT NULL COMMENT '身分證',
  `Email` varchar(50) COLLATE utf8_unicode_ci NOT NULL COMMENT '電子信箱',
  `Tel` varchar(10) COLLATE utf8_unicode_ci NOT NULL COMMENT '行動電話',
  `Country` varchar(50) COLLATE utf8_unicode_ci NOT NULL COMMENT '國籍',
  `City` varchar(50) COLLATE utf8_unicode_ci NOT NULL COMMENT '城市',
  `Area` varchar(50) COLLATE utf8_unicode_ci NOT NULL COMMENT '行政區',
  `Address` varchar(100) COLLATE utf8_unicode_ci NOT NULL COMMENT '地址',
  `setTime` timestamp NOT NULL DEFAULT CURRENT_TIMESTAMP COMMENT '創建時間',
  `updateTime` timestamp NOT NULL DEFAULT CURRENT_TIMESTAMP ON UPDATE CURRENT_TIMESTAMP COMMENT '更新時間'
) ENGINE=InnoDB DEFAULT CHARSET=utf8 COLLATE=utf8_unicode_ci;

--
-- 傾印資料表的資料 `account`
--

INSERT INTO `account` (`Account`, `Password`, `Name`, `NickName`, `Birthday`, `Sex`, `ID`, `Email`, `Tel`, `Country`, `City`, `Area`, `Address`, `setTime`, `updateTime`) VALUES
('lulu7613', '123456', '張小明', '明明', '1986-02-05', 'M', 'A156936649', 'aaaa1565@gmail.com', '0912555487', '台灣', '台中市', '西區', '台灣大道一段125號', '2019-06-18 00:49:08', '2019-06-24 07:28:19'),
('lulu7614', '123456', '黃月月', '小月啦', '1997-04-04', 'F', 'A264593507', 'bbbb6597@gmail.com', '0987458741', '台灣', '台中市', '東區', '台灣大道五段555號', '2019-06-18 00:49:08', '2019-06-24 07:35:18'),
('lulu7615', '123456', '陳大華', '華仔', '1982-06-03', 'M', 'T166232298', 'ccccc8987@gmail.com', '0978548741', '台灣', '台北市', '信義區', '忠孝東路五段668號', '2019-06-18 00:49:08', '2019-06-24 07:29:03'),
('lulu7616', '123456', '張中文', '阿文', '1970-02-05', 'M', 'G147320559', 'dddd8888@gmail.com', '0978457154', '台灣', '台中市', '北區', '台灣大道八段578號', '2019-06-18 00:49:08', '2019-06-24 07:38:20'),
('lulu7617', '123456', '蔡小園', '園園', '1997-07-29', 'F', 'B251855464', 'aaaa2156@gmail.com', '0345887458', '台灣', '台中市', '西區', '台灣大道二段66號', '2019-06-18 00:49:08', '2019-06-24 07:38:42'),
('lulu7618', '123456', '劉文中', '阿中', '1987-02-12', 'M', 'A132641607', 'vius@gmail.com', '0987451547', '台灣', '台中市', '東區', '台灣大道五段1號', '2019-06-18 00:52:42', '2019-06-24 07:58:58'),
('lulu7620', '123456', '鐘小玲', '欣欣', '1984-06-12', 'F', 'H246333297', 'siekd@gmail.com', '0365874574', '台灣', '台中市', '東區', '忠孝街105巷18號', '2019-07-04 03:34:53', '2019-07-04 03:36:35');

-- --------------------------------------------------------

--
-- 資料表結構 `sclass`
--

CREATE TABLE `sclass` (
  `cid` tinyint(4) NOT NULL COMMENT '類別編號',
  `cname` varchar(20) NOT NULL COMMENT '類別名稱',
  `sort` varchar(1) DEFAULT NULL COMMENT '排序'
) ENGINE=MyISAM DEFAULT CHARSET=utf8;

--
-- 傾印資料表的資料 `sclass`
--

INSERT INTO `sclass` (`cid`, `cname`, `sort`) VALUES
(1, '文字', '1'),
(2, '圖騰', '2'),
(3, '搞怪', '3'),
(4, '人物', '4'),
(0, '全部', '0');

-- --------------------------------------------------------

--
-- 資料表結構 `shirt`
--

CREATE TABLE `shirt` (
  `sid` int(11) NOT NULL COMMENT '商品編號',
  `cid` tinyint(4) NOT NULL COMMENT '類別編號',
  `name` varchar(20) NOT NULL COMMENT '商品名稱',
  `color` varchar(10) NOT NULL COMMENT '顏色',
  `price` int(11) NOT NULL COMMENT '價格',
  `dsort` tinyint(1) NOT NULL DEFAULT '1' COMMENT '優先顯示',
  `descript` varchar(100) NOT NULL COMMENT '商品說明',
  `img` varchar(20) NOT NULL COMMENT '圖檔檔名'
) ENGINE=MyISAM DEFAULT CHARSET=utf8;

--
-- 傾印資料表的資料 `shirt`
--

INSERT INTO `shirt` (`sid`, `cid`, `name`, `color`, `price`, `dsort`, `descript`, `img`) VALUES
(1, 1, 'Last Treasure', '粉紅', 299, 1, '簡單的兩行文字，不囉嗦，不累贅。', '001p'),
(2, 1, 'Last Treasure', '黑色', 199, 1, '簡單的兩行文字，不囉嗦，不累贅。', '001b'),
(3, 1, 'Last Treasure', '深藍', 199, 3, '簡單的兩行文字，不囉嗦，不累贅。', '001d'),
(4, 1, 'Last Treasure', '紅色', 299, 1, '簡單的兩行文字，不囉嗦，不累贅。', '001r'),
(5, 1, 'Hawaii', '白色', 599, 1, '熱情仲夏，Hawaii 搭配扶桑花，奔放出南洋歡樂氣息。', '002w'),
(6, 1, 'Hawaii', '黃色', 549, 1, '熱情仲夏，Hawaii 搭配扶桑花，奔放出南洋歡樂氣息。', '002y'),
(8, 1, 'Sweet Island', '黑色', 589, 3, '充滿花草繽紛的島嶼，穿著它就彷彿跟愛人置身其中，那種兩人世界的感覺一定很幸福吧！', '003b'),
(9, 1, 'Sweet Island', '綠色', 599, 1, '充滿花草繽紛的島嶼，穿著它就彷彿跟愛人置身其中，那種兩人世界的感覺一定很幸福吧！', '003g'),
(10, 1, 'Sweet Island', '淺藍', 579, 1, '充滿花草繽紛的島嶼，穿著它就彷彿跟愛人置身其中，那種兩人世界的感覺一定很幸福吧！', '003l'),
(12, 1, 'Sweet Island', '粉紅', 589, 1, '充滿花草繽紛的島嶼，穿著它就彷彿跟愛人置身其中，那種兩人世界的感覺一定很幸福吧！', '003p'),
(13, 1, 'Sweet Island', '紅色', 549, 1, '充滿花草繽紛的島嶼，穿著它就彷彿跟愛人置身其中，那種兩人世界的感覺一定很幸福吧！', '003r'),
(14, 1, 'Sweet Island', '白色', 599, 1, '充滿花草繽紛的島嶼，穿著它就彷彿跟愛人置身其中，那種兩人世界的感覺一定很幸福吧！', '003w'),
(15, 1, 'Sweet Island', '黃色', 589, 3, '充滿花草繽紛的島嶼，穿著它就彷彿跟愛人置身其中，那種兩人世界的感覺一定很幸福吧！', '003y'),
(16, 2, '龍', '灰色', 259, 2, '簡單俐落的圖騰，安棲於肩上的翔龍，襯托出氣宇非凡的霸氣。', '004a'),
(18, 2, '龍', '白色', 399, 1, '簡單俐落的圖騰，安棲於肩上的翔龍，襯托出氣宇非凡的霸氣。', '004w'),
(19, 2, '愛與玫瑰', '白色', 799, 2, '用我送你的玫瑰，緊緊地綑綁住你的心，希望你不會窒息，因為我愛你。', '005w'),
(20, 2, '愛與玫瑰', '黑色', 499, 1, '用我送你的玫瑰，緊緊地綑綁住你的心，希望你不會窒息，因為我愛你。', '005b'),
(21, 2, 'Cross', '紫色', 399, 1, '交織著叛逆與救贖的十字劃在胸前，心靈既獲得宣洩也獲得平靜。', '006c'),
(22, 2, 'Cross', '深藍', 399, 1, '交織著叛逆與救贖的十字劃在胸前，心靈既獲得宣洩也獲得平靜。', '006d'),
(23, 2, 'Cross', '紅色', 399, 1, '交織著叛逆與救贖的十字劃在胸前，心靈既獲得宣洩也獲得平靜。', '006r'),
(24, 2, 'Flying Heart', '黑色', 499, 1, '我的心長了一對翅膀，迫不及待想飛到有你的地方，你看見我了嗎？', '007b'),
(25, 2, 'Flying Heart', '紫色', 499, 1, '我的心長了一對翅膀，迫不及待想飛到有你的地方，你看見我了嗎？', '007c'),
(26, 2, 'Flying Heart', '粉紅', 499, 1, '我的心長了一對翅膀，迫不及待想飛到有你的地方，你看見我了嗎？', '007p'),
(27, 2, 'Flying Heart', '紅色', 499, 2, '我的心長了一對翅膀，迫不及待想飛到有你的地方，你看見我了嗎？', '007r'),
(28, 2, 'Flying Heart', '白色', 499, 2, '我的心長了一對翅膀，迫不及待想飛到有你的地方，你看見我了嗎？', '007w'),
(29, 2, 'Blue Flowers', '深藍', 399, 1, '真實生活中少見的藍色花朵，點綴在衣服上別具一般風味。', '008d'),
(33, 2, '植物的動線', '紅色', 399, 1, '植物根莖的走向形成奇妙的動線，是不是也想知道衣服的背面究竟有什麼驚喜呢？', '009r'),
(34, 2, '植物的動線', '紅色', 399, 2, '植物根莖的走向形成奇妙的動線，是不是也想知道衣服的背面究竟有什麼驚喜呢？', '009y'),
(37, 3, '骷髏電視', '綠色', 299, 1, '看電視是件快樂的事，即使變成骷髏電視也不放棄這項興趣，你說是吧！', '010g'),
(38, 3, '骷髏電視', '淺藍', 299, 3, '看電視是件快樂的事，即使變成骷髏電視也不放棄這項興趣，你說是吧！', '010l'),
(39, 3, '骷髏電視', '橘色', 299, 1, '看電視是件快樂的事，即使變成骷髏電視也不放棄這項興趣，你說是吧！', '010o'),
(40, 3, '骷髏電視', '粉紅', 299, 1, '看電視是件快樂的事，即使變成骷髏電視也不放棄這項興趣，你說是吧！', '010p'),
(41, 3, '骷髏電視', '白色', 299, 1, '看電視是件快樂的事，即使變成骷髏電視也不放棄這項興趣，你說是吧！', '010w'),
(42, 3, '骷髏電視', '黃色', 299, 1, '看電視是件快樂的事，即使變成骷髏電視也不放棄這項興趣，你說是吧！', '010y'),
(43, 2, '華麗暗黑曲', '白色', 699, 3, '骷髏先生來了，伴隨著鮮豔的玫瑰來到你的身邊，優雅而華麗的暗黑舞曲。', '011w'),
(45, 4, '騎著我的毆兜麥', '黑色', 699, 1, '騎著歐兜麥四處閒晃是多麼悠閒的享受啊！坐在辦公室或教室裡，穿著這件衣服假裝自在神遊，或許某種層面可以得到紓解吧：）', '012b'),
(46, 4, '騎著我的毆兜麥', '紫色', 699, 1, '騎著歐兜麥四處閒晃是多麼悠閒的享受啊！坐在辦公室或教室裡，穿著這件衣服假裝自在神遊，或許某種層面可以得到紓解吧：）', '012c'),
(47, 4, '騎著我的毆兜麥', '深藍', 699, 1, '騎著歐兜麥四處閒晃是多麼悠閒的享受啊！坐在辦公室或教室裡，穿著這件衣服假裝自在神遊，或許某種層面可以得到紓解吧：）', '012d'),
(48, 4, '騎著我的毆兜麥', '綠色', 699, 2, '騎著歐兜麥四處閒晃是多麼悠閒的享受啊！坐在辦公室或教室裡，穿著這件衣服假裝自在神遊，或許某種層面可以得到紓解吧：）', '012g'),
(49, 4, '騎著我的毆兜麥', '淺藍', 699, 1, '騎著歐兜麥四處閒晃是多麼悠閒的享受啊！坐在辦公室或教室裡，穿著這件衣服假裝自在神遊，或許某種層面可以得到紓解吧：）', '012l'),
(50, 4, '騎著我的毆兜麥', '橘色', 699, 1, '騎著歐兜麥四處閒晃是多麼悠閒的享受啊！坐在辦公室或教室裡，穿著這件衣服假裝自在神遊，或許某種層面可以得到紓解吧：）', '012o'),
(51, 4, '騎著我的毆兜麥', '粉紅', 699, 1, '騎著歐兜麥四處閒晃是多麼悠閒的享受啊！坐在辦公室或教室裡，穿著這件衣服假裝自在神遊，或許某種層面可以得到紓解吧：）', '012p'),
(52, 4, '騎著我的毆兜麥', '紅色', 699, 3, '騎著歐兜麥四處閒晃是多麼悠閒的享受啊！坐在辦公室或教室裡，穿著這件衣服假裝自在神遊，或許某種層面可以得到紓解吧：）', '012r'),
(53, 4, '騎著我的毆兜麥', '白色', 699, 1, '騎著歐兜麥四處閒晃是多麼悠閒的享受啊！坐在辦公室或教室裡，穿著這件衣服假裝自在神遊，或許某種層面可以得到紓解吧：）', '012w'),
(54, 4, '騎著我的毆兜麥', '黃色', 699, 1, '騎著歐兜麥四處閒晃是多麼悠閒的享受啊！坐在辦公室或教室裡，穿著這件衣服假裝自在神遊，或許某種層面可以得到紓解吧：）', '012y'),
(55, 4, '一個人的音樂', '灰色', 699, 1, '什麼都不想，什麼都不做，就這樣任隨音樂在耳邊流洩放送著，心也跟著一啟飄散到無止盡的邊境去吧！', '013a'),
(57, 4, '一個人的音樂', '深藍', 699, 1, '什麼都不想，什麼都不做，就這樣任隨音樂在耳邊流洩放送著，心也跟著一啟飄散到無止盡的邊境去吧！', '013d'),
(58, 4, '一個人的音樂', '綠色', 699, 1, '什麼都不想，什麼都不做，就這樣任隨音樂在耳邊流洩放送著，心也跟著一啟飄散到無止盡的邊境去吧！', '013g'),
(59, 4, '一個人的音樂', '紅色', 699, 2, '什麼都不想，什麼都不做，就這樣任隨音樂在耳邊流洩放送著，心也跟著一啟飄散到無止盡的邊境去吧！', '013r'),
(60, 2, '凝視', '灰色', 599, 1, '他的眼睛好透徹，像是要把我看穿了似的，越看越害羞嗎？讓衣服上的雙眼代替你去凝視那透徹的他吧！', '014a'),
(62, 2, '凝視', '紫色', 599, 1, '他的眼睛好透徹，像是要把我看穿了似的，越看越害羞嗎？讓衣服上的雙眼代替你去凝視那透徹的他吧！', '014c'),
(63, 2, '凝視', '深藍', 599, 1, '他的眼睛好透徹，像是要把我看穿了似的，越看越害羞嗎？讓衣服上的雙眼代替你去凝視那透徹的他吧！', '014d'),
(64, 2, '凝視', '綠色', 599, 1, '他的眼睛好透徹，像是要把我看穿了似的，越看越害羞嗎？讓衣服上的雙眼代替你去凝視那透徹的他吧！', '014g'),
(65, 2, '凝視', '淺藍', 599, 1, '他的眼睛好透徹，像是要把我看穿了似的，越看越害羞嗎？讓衣服上的雙眼代替你去凝視那透徹的他吧！', '014l'),
(66, 2, '凝視', '橘色', 599, 2, '他的眼睛好透徹，像是要把我看穿了似的，越看越害羞嗎？讓衣服上的雙眼代替你去凝視那透徹的他吧！', '014o'),
(67, 2, '凝視', '粉紅', 599, 2, '他的眼睛好透徹，像是要把我看穿了似的，越看越害羞嗎？讓衣服上的雙眼代替你去凝視那透徹的他吧！', '014p'),
(68, 2, '凝視', '紅色', 599, 1, '他的眼睛好透徹，像是要把我看穿了似的，越看越害羞嗎？讓衣服上的雙眼代替你去凝視那透徹的他吧！', '014r'),
(69, 3, 'Go!Go!Drive!', '黑色', 399, 1, '奔馳的快感無與倫比，瞬間得到的解放使身心皆得到救贖，Go！Go！Drive！', '015b'),
(70, 3, 'Go!Go!Drive!', '白色', 399, 1, '奔馳的快感無與倫比，瞬間得到的解放使身心皆得到救贖，Go！Go！Drive！', '015w'),
(71, 3, '航海王人物', '白', 599, 1, '人物齊聚一堂，個展魅力、以名人告示榜為概念、將角色組合交錯排列、各自展現其獨特魅力', '1101a');

-- --------------------------------------------------------

--
-- 資料表結構 `special`
--

CREATE TABLE `special` (
  `sort` tinyint(4) NOT NULL COMMENT '排序',
  `sid` int(11) DEFAULT NULL COMMENT '商品編號',
  `cid` tinyint(4) NOT NULL COMMENT '類別編號	',
  `title` varchar(10) DEFAULT NULL,
  `story` varchar(30) DEFAULT NULL
) ENGINE=MyISAM DEFAULT CHARSET=utf8;

--
-- 傾印資料表的資料 `special`
--

INSERT INTO `special` (`sort`, `sid`, `cid`, `title`, `story`) VALUES
(1, 6, 1, '今日特價', '熱情仲夏，奔放出南洋歡樂氣息。'),
(2, 3, 1, '今日特價', '簡約中帶點設計感，超酷喔！'),
(5, 66, 2, '新品推薦', '把你身邊的人, 狠狠地看個透徹吧！'),
(6, 58, 4, '新品推薦', '什麼都不想，任隨音樂在耳邊放送吧！'),
(8, 26, 2, '女生最愛', '我的心長了一對翅膀，你看見我了嗎？'),
(9, 14, 1, '女生最愛', '花草繽紛的島嶼，享受著愛情的幸福。'),
(10, 38, 3, '男生最愛', '看電視最樂，即使變成骷髏也甘心啊！'),
(11, 34, 2, '孩子最愛', '最卡哇伊的圖案，讓孩子穿出自我風格。'),
(12, 16, 2, '男生最愛', '簡單俐落的圖騰，襯托出氣男人宇非凡的霸氣。'),
(13, 23, 2, '清倉55 折', '救贖的十字劃在胸前，讓心靈獲得平靜。'),
(14, 2, 1, '清倉55 折', '簡約中帶點設計感，讓你穿出自我品味。'),
(16, 5, 1, '清倉55 折', '美麗的扶桑花，奔放出南洋歡樂氣息。'),
(17, 20, 2, '清倉55 折', '用我送你的玫瑰，緊緊地綑綁住你的心...'),
(18, 22, 2, '清倉55 折', NULL),
(19, 71, 2, '清倉55 折', NULL),
(20, 48, 2, '清倉55 折', NULL),
(21, 59, 4, '清倉55 折', NULL);

--
-- 已傾印資料表的索引
--

--
-- 資料表索引 `account`
--
ALTER TABLE `account`
  ADD PRIMARY KEY (`Account`);

--
-- 資料表索引 `sclass`
--
ALTER TABLE `sclass`
  ADD PRIMARY KEY (`cid`);

--
-- 資料表索引 `shirt`
--
ALTER TABLE `shirt`
  ADD PRIMARY KEY (`sid`);

--
-- 資料表索引 `special`
--
ALTER TABLE `special`
  ADD PRIMARY KEY (`sort`);

--
-- 在傾印的資料表使用自動增長(AUTO_INCREMENT)
--

--
-- 使用資料表自動增長(AUTO_INCREMENT) `shirt`
--
ALTER TABLE `shirt`
  MODIFY `sid` int(11) NOT NULL AUTO_INCREMENT COMMENT '商品編號', AUTO_INCREMENT=74;

--
-- 使用資料表自動增長(AUTO_INCREMENT) `special`
--
ALTER TABLE `special`
  MODIFY `sort` tinyint(4) NOT NULL AUTO_INCREMENT COMMENT '排序', AUTO_INCREMENT=22;
COMMIT;

/*!40101 SET CHARACTER_SET_CLIENT=@OLD_CHARACTER_SET_CLIENT */;
/*!40101 SET CHARACTER_SET_RESULTS=@OLD_CHARACTER_SET_RESULTS */;
/*!40101 SET COLLATION_CONNECTION=@OLD_COLLATION_CONNECTION */;
